작품 명,가격
연극 - 점쟁이 곽씨,7900
연극 - 행복 사진관,7900
연극 - 길 위에서,7900
연극 - 강목발이,7900
연극 - 사랑합니다,7900
연극 - 생존자들,7900
음악극 - 송강 정철,7900
연극 - 강완숙,7900
음악극 - 언덕나무,7900
오페라 - 갈대고기,7900
연극 - 바다를 떠난 물고기,7900
연극 - 훼밀리 바겟뜨,7900
연극 - 그녀를 축복하다,7900
연극 - 1동 28번지 차숙이네,7900
연극 - 연애얘기아님,7900
단편 연극 - 태비의 별,2200
연극 - 레테,4900
연극 - 가라자승,7900
연극 - 호외,7900
연극 - 일 없습니다,7900
연극 - 가라가라,7900
연극 - 서울역 공화국,7900
연극 - 토란극,7900
연극 - 붉은 매미,7900
연극 - 지상의 모든밤들,7900
연극 - 옆구리,7900
연극 - 사랑해선 안될,7900
연극 - 나의교실,4900
연극 - 표현의 자유,7900
연극 - 세상의 모든 결혼,7900
연극 - 모텔피아노,7900
연극 - 두 아이,4900
연극 - 그대 발밑에 내 꿈을 깔았으니,7900
연극 - 그리고 또 하루,7900
연극 - 거기 너,7900
연극 - 당신은 누구십니까?,2200
뮤지컬 - 벌거숭이 임금님,4900
뮤지컬 - 도원향,7900
연극 - 잠들어 있는 당신에게,7900
시니어 연극 - 무엇이 여자를 만드는가,3300
뮤지컬 - 줄리엣의 선택,7900
뮤지컬 - 리퀴드골드,7900
"뮤지컬 - 괜찮아, 바보",7900
스킷드라마 - 크리스마스 파티,2200
스킷드라마 - 왜 꽃들에게만 희망을,2200
스킷드라마 - 아주 냉정한 토론,2200
스킷드라마 - 아버지가 아시면,2200
스킷드라마 - 새장 밖의 세상,2200
스킷드라마 - 미리쓰는 유서,2200
학생의 품격,3300
소중한 선물,3300
사라진 교사들,2200
별이 된 아이들,5900
스킷드라마 - 가지 않은 길,3300
스킷드라마 - 같이 일 못하겠어요,2200
가출한 어린왕자,3300
LET IT BE,3300
2040년에서,3300
늦게 배운 피아노,7900
먼 자리,7900
고래,7900
카샤의 TAKE2,7900
어느 연극 연습실에서,7900
배부장뎐,7900
마트로시카,7900
장수만세,7900
양덕원이야기,7900
연,7900
소심한가족,7900
인형의 도시,6900
퓨전 타악 마당극  홍길동뎐,6900
우당탕탕열애기,8900
홀(HOLE),5900
뮤지컬 판다스틱,8900
우중산책,4900
뮤지컬 쿡스토리,6900
안아주세요,7900
저 사람 무우당 같다,7900
장자의 점,6900
위험한 가계 1969,7900
다목리 미상번지,8900
드라마콘서트 비처럼음악처럼,8900
난 새에게 커피를 주었다,7900
보석보다 찬란한,7900
사람을 찾습니다,7900
함양의 여름,7900
부산에 가면,4900
이도의 한글여행,6900
춤추는 여자,7900
섬1945,6900
슬픈연극,7900
명월이 만공산하니,7900
그녀의 봄,7900
더가구,7900
웃자는 거여,5900
